{"cameraMode":{"drawMode":0,"name":"Shaded","section":"Shading Mode"},"sceneLighting":true,"audioPlay":false,"sceneViewState":{"showFog":true,"showMaterialUpdate":false,"showSkybox":true,"showFlares":true,"showImageEffects":true,"showParticleSystems":true},"in2DMode":false,"pivot":{"x":6.842967987060547,"y":8.521871566772461,"z":9.729569435119629},"rotation":{"x":0.3496859073638916,"y":0.020778436213731767,"z":-0.007743450812995434,"w":0.9366528391838074},"size":19.35009002685547,"orthographic":false}