{"cameraMode":{"drawMode":0,"name":"Shaded","section":"Shading Mode"},"sceneLighting":true,"audioPlay":false,"sceneViewState":{"showFog":true,"showMaterialUpdate":false,"showSkybox":true,"showFlares":true,"showImageEffects":true,"showParticleSystems":true},"in2DMode":false,"pivot":{"x":-10.370515823364258,"y":-2.815244674682617,"z":16.594478607177736},"rotation":{"x":-0.24481137096881867,"y":0.6203635334968567,"z":-0.2127809226512909,"w":-0.7141944169998169},"size":15.366669654846192,"orthographic":false}