{"cameraMode":{"drawMode":0,"name":"Shaded","section":"Shading Mode"},"sceneLighting":true,"audioPlay":false,"sceneViewState":{"showFog":true,"showMaterialUpdate":false,"showSkybox":true,"showFlares":true,"showImageEffects":true,"showParticleSystems":true},"in2DMode":false,"pivot":{"x":5.1697235107421879,"y":11.28859806060791,"z":11.525100708007813},"rotation":{"x":0.15273134410381318,"y":0.2330121546983719,"z":-0.03705624118447304,"w":0.9597367644309998},"size":19.35009002685547,"orthographic":false}